timestamp,ip_address,user_activity
2024-08-27 10:00:00.000000000,192.168.1.187,Download
2024-08-27 10:00:36.036036036,192.168.1.8,File Deletion
2024-08-27 10:01:12.072072072,192.168.1.156,File Upload
2024-08-27 10:01:48.108108108,192.168.1.164,Logout
2024-08-27 10:02:24.144144144,192.168.1.177,File Deletion
2024-08-27 10:03:00.180180180,192.168.1.133,File Deletion
2024-08-27 10:03:36.216216216,192.168.1.175,Download
2024-08-27 10:04:12.252252252,192.168.1.104,File Upload
2024-08-27 10:04:48.288288288,192.168.1.90,Download
2024-08-27 10:05:24.324324324,192.168.1.208,Email Sent
2024-08-27 10:06:00.360360360,192.168.1.145,Logout
2024-08-27 10:06:36.396396396,192.168.1.167,File Upload
2024-08-27 10:07:12.432432432,192.168.1.51,File Accessed
2024-08-27 10:07:48.468468468,192.168.1.149,Email Sent
2024-08-27 10:08:24.504504504,192.168.1.48,File Deletion
2024-08-27 10:09:00.540540540,192.168.1.229,Email Sent
2024-08-27 10:09:36.576576576,192.168.1.121,Login
2024-08-27 10:10:12.612612612,192.168.1.40,File Upload
2024-08-27 10:10:48.648648648,192.168.1.86,Email Sent
2024-08-27 10:11:24.684684684,192.168.1.84,Login
2024-08-27 10:12:00.720720720,192.168.1.160,Download
2024-08-27 10:12:36.756756756,192.168.1.223,File Deletion
2024-08-27 10:13:12.792792792,192.168.1.20,Logout
2024-08-27 10:13:48.828828828,192.168.1.101,Download
2024-08-27 10:14:24.864864864,192.168.1.244,Email Sent
2024-08-27 10:15:00.900900900,192.168.1.234,File Deletion
2024-08-27 10:15:36.936936936,192.168.1.75,Email Sent
2024-08-27 10:16:12.972972972,192.168.1.169,Email Sent
2024-08-27 10:16:49.009009009,192.168.1.107,Email Sent
2024-08-27 10:17:25.045045045,192.168.1.52,File Upload
2024-08-27 10:18:01.081081081,192.168.1.23,Login
2024-08-27 10:18:37.117117117,192.168.1.212,Download
2024-08-27 10:19:13.153153153,192.168.1.65,File Accessed
2024-08-27 10:19:49.189189189,192.168.1.169,Email Sent
2024-08-27 10:20:25.225225225,192.168.1.156,File Upload
2024-08-27 10:21:01.261261261,192.168.1.19,Login
2024-08-27 10:21:37.297297297,192.168.1.160,Login
2024-08-27 10:22:13.333333333,192.168.1.100,File Accessed
2024-08-27 10:22:49.369369369,192.168.1.102,Logout
2024-08-27 10:23:25.405405405,192.168.1.132,Login
2024-08-27 10:24:01.441441441,192.168.1.180,Email Sent
2024-08-27 10:24:37.477477477,192.168.1.119,Download
2024-08-27 10:25:13.513513513,192.168.1.231,Email Sent
2024-08-27 10:25:49.549549549,192.168.1.58,Email Sent
2024-08-27 10:26:25.585585585,192.168.1.194,File Deletion
2024-08-27 10:27:01.621621621,192.168.1.236,Login
2024-08-27 10:27:37.657657657,192.168.1.154,Email Sent
2024-08-27 10:28:13.693693693,192.168.1.2,File Upload
2024-08-27 10:28:49.729729729,192.168.1.227,File Deletion
2024-08-27 10:29:25.765765765,192.168.1.111,File Upload
2024-08-27 10:30:01.801801801,192.168.1.96,Login
2024-08-27 10:30:37.837837837,192.168.1.35,Login
2024-08-27 10:31:13.873873873,192.168.1.133,Email Sent
2024-08-27 10:31:49.909909909,192.168.1.14,Logout
2024-08-27 10:32:25.945945945,192.168.1.12,File Upload
2024-08-27 10:33:01.981981981,192.168.1.200,File Upload
2024-08-27 10:33:38.018018018,192.168.1.8,File Deletion
2024-08-27 10:34:14.054054054,192.168.1.9,File Upload
2024-08-27 10:34:50.090090090,192.168.1.103,File Deletion
2024-08-27 10:35:26.126126126,192.168.1.3,File Accessed
2024-08-27 10:36:02.162162162,192.168.1.95,Download
2024-08-27 10:36:38.198198198,192.168.1.176,Download
2024-08-27 10:37:14.234234234,192.168.1.36,Logout
2024-08-27 10:37:50.270270270,192.168.1.226,Download
2024-08-27 10:38:26.306306306,192.168.1.68,File Upload
2024-08-27 10:39:02.342342342,192.168.1.207,File Upload
2024-08-27 10:39:38.378378378,192.168.1.50,Logout
2024-08-27 10:40:14.414414414,192.168.1.197,Download
2024-08-27 10:40:50.450450450,192.168.1.117,Download
2024-08-27 10:41:26.486486486,192.168.1.61,File Upload
2024-08-27 10:42:02.522522522,192.168.1.210,Logout
2024-08-27 10:42:38.558558558,192.168.1.197,Download
2024-08-27 10:43:14.594594594,192.168.1.182,Email Sent
2024-08-27 10:43:50.630630630,192.168.1.199,Email Sent
2024-08-27 10:44:26.666666666,192.168.1.112,Login
2024-08-27 10:45:02.702702702,192.168.1.202,File Accessed
2024-08-27 10:45:38.738738738,192.168.1.4,Login
2024-08-27 10:46:14.774774774,192.168.1.199,File Deletion
2024-08-27 10:46:50.810810810,192.168.1.18,Login
2024-08-27 10:47:26.846846846,192.168.1.22,File Accessed
2024-08-27 10:48:02.882882882,192.168.1.30,File Accessed
2024-08-27 10:48:38.918918918,192.168.1.105,Login
2024-08-27 10:49:14.954954954,192.168.1.170,File Accessed
2024-08-27 10:49:50.990990990,192.168.1.148,File Upload
2024-08-27 10:50:27.027027027,192.168.1.70,File Upload
2024-08-27 10:51:03.063063063,192.168.1.80,File Deletion
2024-08-27 10:51:39.099099099,192.168.1.58,Email Sent
2024-08-27 10:52:15.135135135,192.168.1.134,File Deletion
2024-08-27 10:52:51.171171171,192.168.1.158,File Upload
2024-08-27 10:53:27.207207207,192.168.1.132,File Upload
2024-08-27 10:54:03.243243243,192.168.1.151,Email Sent
2024-08-27 10:54:39.279279279,192.168.1.29,Email Sent
2024-08-27 10:55:15.315315315,192.168.1.59,File Deletion
2024-08-27 10:55:51.351351351,192.168.1.21,Download
2024-08-27 10:56:27.387387387,192.168.1.97,File Upload
2024-08-27 10:57:03.423423423,192.168.1.112,File Upload
2024-08-27 10:57:39.459459459,192.168.1.164,File Accessed
2024-08-27 10:58:15.495495495,192.168.1.58,Logout
2024-08-27 10:58:51.531531531,192.168.1.246,Download
2024-08-27 10:59:27.567567567,192.168.1.132,Download
2024-08-27 11:00:03.603603603,192.168.1.146,File Upload
2024-08-27 11:00:39.639639639,192.168.1.22,File Upload
2024-08-27 11:01:15.675675675,192.168.1.216,Download
2024-08-27 11:01:51.711711711,192.168.1.227,File Deletion
2024-08-27 11:02:27.747747747,192.168.1.244,Download
2024-08-27 11:03:03.783783783,192.168.1.191,Download
2024-08-27 11:03:39.819819819,192.168.1.221,Logout
2024-08-27 11:04:15.855855855,192.168.1.24,Email Sent
2024-08-27 11:04:51.891891891,192.168.1.64,File Deletion
2024-08-27 11:05:27.927927927,192.168.1.246,Logout
2024-08-27 11:06:03.963963963,192.168.1.42,File Accessed
2024-08-27 11:06:39.999999999,192.168.1.36,Logout
2024-08-27 11:07:16.036036036,192.168.1.28,File Upload
2024-08-27 11:07:52.072072072,192.168.1.126,File Upload
2024-08-27 11:08:28.108108108,192.168.1.67,Download
2024-08-27 11:09:04.144144144,192.168.1.124,Download
2024-08-27 11:09:40.180180180,192.168.1.253,Login
2024-08-27 11:10:16.216216216,192.168.1.117,Email Sent
2024-08-27 11:10:52.252252252,192.168.1.70,File Deletion
2024-08-27 11:11:28.288288288,192.168.1.204,File Accessed
2024-08-27 11:12:04.324324324,192.168.1.162,File Deletion
2024-08-27 11:12:40.360360360,192.168.1.183,Logout
2024-08-27 11:13:16.396396396,192.168.1.113,File Upload
2024-08-27 11:13:52.432432432,192.168.1.245,File Deletion
2024-08-27 11:14:28.468468468,192.168.1.49,Logout
2024-08-27 11:15:04.504504504,192.168.1.99,File Upload
2024-08-27 11:15:40.540540540,192.168.1.184,Email Sent
2024-08-27 11:16:16.576576576,192.168.1.124,Email Sent
2024-08-27 11:16:52.612612612,192.168.1.43,File Accessed
2024-08-27 11:17:28.648648648,192.168.1.116,Login
2024-08-27 11:18:04.684684684,192.168.1.94,Download
2024-08-27 11:18:40.720720720,192.168.1.214,Logout
2024-08-27 11:19:16.756756756,192.168.1.186,Login
2024-08-27 11:19:52.792792792,192.168.1.103,File Upload
2024-08-27 11:20:28.828828828,192.168.1.105,Download
2024-08-27 11:21:04.864864864,192.168.1.148,File Accessed
2024-08-27 11:21:40.900900900,192.168.1.79,Login
2024-08-27 11:22:16.936936936,192.168.1.92,File Upload
2024-08-27 11:22:52.972972972,192.168.1.238,Login
2024-08-27 11:23:29.009009009,192.168.1.5,Download
2024-08-27 11:24:05.045045045,192.168.1.15,Email Sent
2024-08-27 11:24:41.081081081,192.168.1.80,File Accessed
2024-08-27 11:25:17.117117117,192.168.1.168,Login
2024-08-27 11:25:53.153153153,192.168.1.244,File Upload
2024-08-27 11:26:29.189189189,192.168.1.235,Login
2024-08-27 11:27:05.225225225,192.168.1.153,File Upload
2024-08-27 11:27:41.261261261,192.168.1.88,File Deletion
2024-08-27 11:28:17.297297297,192.168.1.105,File Deletion
2024-08-27 11:28:53.333333333,192.168.1.185,Download
2024-08-27 11:29:29.369369369,192.168.1.14,File Upload
2024-08-27 11:30:05.405405405,192.168.1.235,Login
2024-08-27 11:30:41.441441441,192.168.1.167,Download
2024-08-27 11:31:17.477477477,192.168.1.231,Email Sent
2024-08-27 11:31:53.513513513,192.168.1.193,File Deletion
2024-08-27 11:32:29.549549549,192.168.1.175,Logout
2024-08-27 11:33:05.585585585,192.168.1.49,Download
2024-08-27 11:33:41.621621621,192.168.1.242,Login
2024-08-27 11:34:17.657657657,192.168.1.242,Email Sent
2024-08-27 11:34:53.693693693,192.168.1.97,Login
2024-08-27 11:35:29.729729729,192.168.1.203,Login
2024-08-27 11:36:05.765765765,192.168.1.25,File Deletion
2024-08-27 11:36:41.801801801,192.168.1.201,Logout
2024-08-27 11:37:17.837837837,192.168.1.45,Email Sent
2024-08-27 11:37:53.873873873,192.168.1.212,Email Sent
2024-08-27 11:38:29.909909909,192.168.1.53,File Upload
2024-08-27 11:39:05.945945945,192.168.1.217,File Deletion
2024-08-27 11:39:41.981981981,192.168.1.149,Login
2024-08-27 11:40:18.018018018,192.168.1.43,File Upload
2024-08-27 11:40:54.054054054,192.168.1.60,Login
2024-08-27 11:41:30.090090090,192.168.1.219,Logout
2024-08-27 11:42:06.126126126,192.168.1.167,Logout
2024-08-27 11:42:42.162162162,192.168.1.234,File Accessed
2024-08-27 11:43:18.198198198,192.168.1.187,Email Sent
2024-08-27 11:43:54.234234234,192.168.1.125,Download
2024-08-27 11:44:30.270270270,192.168.1.45,Login
2024-08-27 11:45:06.306306306,192.168.1.192,Logout
2024-08-27 11:45:42.342342342,192.168.1.125,File Accessed
2024-08-27 11:46:18.378378378,192.168.1.199,File Accessed
2024-08-27 11:46:54.414414414,192.168.1.183,Email Sent
2024-08-27 11:47:30.450450450,192.168.1.237,Download
2024-08-27 11:48:06.486486486,192.168.1.242,File Deletion
2024-08-27 11:48:42.522522522,192.168.1.184,Download
2024-08-27 11:49:18.558558558,192.168.1.199,Logout
2024-08-27 11:49:54.594594594,192.168.1.116,Email Sent
2024-08-27 11:50:30.630630630,192.168.1.5,Logout
2024-08-27 11:51:06.666666666,192.168.1.179,Logout
2024-08-27 11:51:42.702702702,192.168.1.215,File Upload
2024-08-27 11:52:18.738738738,192.168.1.97,Login
2024-08-27 11:52:54.774774774,192.168.1.53,Logout
2024-08-27 11:53:30.810810810,192.168.1.109,Logout
2024-08-27 11:54:06.846846846,192.168.1.254,File Deletion
2024-08-27 11:54:42.882882882,192.168.1.17,File Accessed
2024-08-27 11:55:18.918918918,192.168.1.7,Login
2024-08-27 11:55:54.954954954,192.168.1.189,Email Sent
2024-08-27 11:56:30.990990990,192.168.1.191,File Deletion
2024-08-27 11:57:07.027027027,192.168.1.96,Login
2024-08-27 11:57:43.063063063,192.168.1.209,Logout
2024-08-27 11:58:19.099099099,192.168.1.231,File Deletion
2024-08-27 11:58:55.135135135,192.168.1.55,Download
2024-08-27 11:59:31.171171171,192.168.1.190,File Deletion
2024-08-27 12:00:07.207207207,192.168.1.1,File Accessed
2024-08-27 12:00:43.243243243,192.168.1.120,File Upload
2024-08-27 12:01:19.279279279,192.168.1.27,Download
2024-08-27 12:01:55.315315315,192.168.1.249,Email Sent
2024-08-27 12:02:31.351351351,192.168.1.91,File Upload
2024-08-27 12:03:07.387387387,192.168.1.205,File Accessed
2024-08-27 12:03:43.423423423,192.168.1.249,File Upload
2024-08-27 12:04:19.459459459,192.168.1.169,File Deletion
2024-08-27 12:04:55.495495495,192.168.1.139,File Accessed
2024-08-27 12:05:31.531531531,192.168.1.200,File Deletion
2024-08-27 12:06:07.567567567,192.168.1.42,Login
2024-08-27 12:06:43.603603603,192.168.1.164,Email Sent
2024-08-27 12:07:19.639639639,192.168.1.161,File Upload
2024-08-27 12:07:55.675675675,192.168.1.137,Email Sent
2024-08-27 12:08:31.711711711,192.168.1.244,Login
2024-08-27 12:09:07.747747747,192.168.1.180,Login
2024-08-27 12:09:43.783783783,192.168.1.83,File Upload
2024-08-27 12:10:19.819819819,192.168.1.136,Download
2024-08-27 12:10:55.855855855,192.168.1.79,Login
2024-08-27 12:11:31.891891891,192.168.1.244,Login
2024-08-27 12:12:07.927927927,192.168.1.124,Email Sent
2024-08-27 12:12:43.963963963,192.168.1.2,Download
2024-08-27 12:13:19.999999999,192.168.1.125,File Accessed
2024-08-27 12:13:56.036036036,192.168.1.45,Email Sent
2024-08-27 12:14:32.072072072,192.168.1.123,File Upload
2024-08-27 12:15:08.108108108,192.168.1.72,File Deletion
2024-08-27 12:15:44.144144144,192.168.1.161,Logout
2024-08-27 12:16:20.180180180,192.168.1.191,File Upload
2024-08-27 12:16:56.216216216,192.168.1.76,Download
2024-08-27 12:17:32.252252252,192.168.1.55,File Accessed
2024-08-27 12:18:08.288288288,192.168.1.6,File Deletion
2024-08-27 12:18:44.324324324,192.168.1.119,File Deletion
2024-08-27 12:19:20.360360360,192.168.1.79,File Deletion
2024-08-27 12:19:56.396396396,192.168.1.33,File Upload
2024-08-27 12:20:32.432432432,192.168.1.234,File Upload
2024-08-27 12:21:08.468468468,192.168.1.233,File Accessed
2024-08-27 12:21:44.504504504,192.168.1.227,Logout
2024-08-27 12:22:20.540540540,192.168.1.56,Logout
2024-08-27 12:22:56.576576576,192.168.1.45,Download
2024-08-27 12:23:32.612612612,192.168.1.42,File Upload
2024-08-27 12:24:08.648648648,192.168.1.54,Download
2024-08-27 12:24:44.684684684,192.168.1.147,Email Sent
2024-08-27 12:25:20.720720720,192.168.1.30,File Accessed
2024-08-27 12:25:56.756756756,192.168.1.35,Download
2024-08-27 12:26:32.792792792,192.168.1.39,File Accessed
2024-08-27 12:27:08.828828828,192.168.1.235,Email Sent
2024-08-27 12:27:44.864864864,192.168.1.211,Email Sent
2024-08-27 12:28:20.900900900,192.168.1.207,File Upload
2024-08-27 12:28:56.936936936,192.168.1.102,File Upload
2024-08-27 12:29:32.972972972,192.168.1.32,Logout
2024-08-27 12:30:09.009009009,192.168.1.183,Logout
2024-08-27 12:30:45.045045045,192.168.1.85,File Accessed
2024-08-27 12:31:21.081081081,192.168.1.236,File Accessed
2024-08-27 12:31:57.117117117,192.168.1.2,Download
2024-08-27 12:32:33.153153153,192.168.1.243,Download
2024-08-27 12:33:09.189189189,192.168.1.219,File Accessed
2024-08-27 12:33:45.225225225,192.168.1.22,Download
2024-08-27 12:34:21.261261261,192.168.1.38,Email Sent
2024-08-27 12:34:57.297297297,192.168.1.198,File Upload
2024-08-27 12:35:33.333333333,192.168.1.30,Email Sent
2024-08-27 12:36:09.369369369,192.168.1.171,File Accessed
2024-08-27 12:36:45.405405405,192.168.1.144,File Upload
2024-08-27 12:37:21.441441441,192.168.1.251,Email Sent
2024-08-27 12:37:57.477477477,192.168.1.165,File Deletion
2024-08-27 12:38:33.513513513,192.168.1.44,Login
2024-08-27 12:39:09.549549549,192.168.1.174,Logout
2024-08-27 12:39:45.585585585,192.168.1.134,Login
2024-08-27 12:40:21.621621621,192.168.1.56,Logout
2024-08-27 12:40:57.657657657,192.168.1.145,Email Sent
2024-08-27 12:41:33.693693693,192.168.1.120,File Deletion
2024-08-27 12:42:09.729729729,192.168.1.251,File Upload
2024-08-27 12:42:45.765765765,192.168.1.99,Download
2024-08-27 12:43:21.801801801,192.168.1.88,Download
2024-08-27 12:43:57.837837837,192.168.1.60,Email Sent
2024-08-27 12:44:33.873873873,192.168.1.55,Email Sent
2024-08-27 12:45:09.909909909,192.168.1.120,Email Sent
2024-08-27 12:45:45.945945945,192.168.1.231,File Accessed
2024-08-27 12:46:21.981981981,192.168.1.93,File Accessed
2024-08-27 12:46:58.018018018,192.168.1.28,Login
2024-08-27 12:47:34.054054054,192.168.1.203,Download
2024-08-27 12:48:10.090090090,192.168.1.20,Email Sent
2024-08-27 12:48:46.126126126,192.168.1.127,Login
2024-08-27 12:49:22.162162162,192.168.1.216,Email Sent
2024-08-27 12:49:58.198198198,192.168.1.89,File Accessed
2024-08-27 12:50:34.234234234,192.168.1.146,File Accessed
2024-08-27 12:51:10.270270270,192.168.1.193,File Accessed
2024-08-27 12:51:46.306306306,192.168.1.173,File Upload
2024-08-27 12:52:22.342342342,192.168.1.245,Login
2024-08-27 12:52:58.378378378,192.168.1.190,File Accessed
2024-08-27 12:53:34.414414414,192.168.1.217,Email Sent
2024-08-27 12:54:10.450450450,192.168.1.161,File Deletion
2024-08-27 12:54:46.486486486,192.168.1.253,File Deletion
2024-08-27 12:55:22.522522522,192.168.1.99,Login
2024-08-27 12:55:58.558558558,192.168.1.202,File Deletion
2024-08-27 12:56:34.594594594,192.168.1.6,Logout
2024-08-27 12:57:10.630630630,192.168.1.214,Logout
2024-08-27 12:57:46.666666666,192.168.1.49,Download
2024-08-27 12:58:22.702702702,192.168.1.67,Download
2024-08-27 12:58:58.738738738,192.168.1.44,Email Sent
2024-08-27 12:59:34.774774774,192.168.1.204,File Accessed
2024-08-27 13:00:10.810810810,192.168.1.62,Login
2024-08-27 13:00:46.846846846,192.168.1.253,Logout
2024-08-27 13:01:22.882882882,192.168.1.155,File Deletion
2024-08-27 13:01:58.918918918,192.168.1.198,Email Sent
2024-08-27 13:02:34.954954954,192.168.1.20,File Accessed
2024-08-27 13:03:10.990990990,192.168.1.222,File Deletion
2024-08-27 13:03:47.027027027,192.168.1.112,File Upload
2024-08-27 13:04:23.063063063,192.168.1.110,File Accessed
2024-08-27 13:04:59.099099099,192.168.1.226,Download
2024-08-27 13:05:35.135135135,192.168.1.10,File Deletion
2024-08-27 13:06:11.171171171,192.168.1.178,Logout
2024-08-27 13:06:47.207207207,192.168.1.140,Email Sent
2024-08-27 13:07:23.243243243,192.168.1.89,Login
2024-08-27 13:07:59.279279279,192.168.1.168,File Deletion
2024-08-27 13:08:35.315315315,192.168.1.193,File Accessed
2024-08-27 13:09:11.351351351,192.168.1.54,File Upload
2024-08-27 13:09:47.387387387,192.168.1.117,File Accessed
2024-08-27 13:10:23.423423423,192.168.1.53,Email Sent
2024-08-27 13:10:59.459459459,192.168.1.230,Login
2024-08-27 13:11:35.495495495,192.168.1.2,Email Sent
2024-08-27 13:12:11.531531531,192.168.1.173,Logout
2024-08-27 13:12:47.567567567,192.168.1.77,Email Sent
2024-08-27 13:13:23.603603603,192.168.1.77,File Deletion
2024-08-27 13:13:59.639639639,192.168.1.148,Login
2024-08-27 13:14:35.675675675,192.168.1.120,File Upload
2024-08-27 13:15:11.711711711,192.168.1.113,File Deletion
2024-08-27 13:15:47.747747747,192.168.1.195,Logout
2024-08-27 13:16:23.783783783,192.168.1.221,File Upload
2024-08-27 13:16:59.819819819,192.168.1.247,File Upload
2024-08-27 13:17:35.855855855,192.168.1.160,Login
2024-08-27 13:18:11.891891891,192.168.1.65,Login
2024-08-27 13:18:47.927927927,192.168.1.13,Logout
2024-08-27 13:19:23.963963963,192.168.1.184,Login
2024-08-27 13:20:00.000000000,192.168.1.238,Download
2024-08-27 13:20:36.036036036,192.168.1.131,Download
2024-08-27 13:21:12.072072072,192.168.1.25,Email Sent
2024-08-27 13:21:48.108108108,192.168.1.150,File Upload
2024-08-27 13:22:24.144144144,192.168.1.215,File Accessed
2024-08-27 13:23:00.180180180,192.168.1.198,File Accessed
2024-08-27 13:23:36.216216216,192.168.1.192,Email Sent
2024-08-27 13:24:12.252252252,192.168.1.61,Login
2024-08-27 13:24:48.288288288,192.168.1.142,File Accessed
2024-08-27 13:25:24.324324324,192.168.1.138,Login
2024-08-27 13:26:00.360360360,192.168.1.109,Email Sent
2024-08-27 13:26:36.396396396,192.168.1.123,Logout
2024-08-27 13:27:12.432432432,192.168.1.41,Login
2024-08-27 13:27:48.468468468,192.168.1.203,File Accessed
2024-08-27 13:28:24.504504504,192.168.1.99,Download
2024-08-27 13:29:00.540540540,192.168.1.73,Login
2024-08-27 13:29:36.576576576,192.168.1.171,File Upload
2024-08-27 13:30:12.612612612,192.168.1.177,File Accessed
2024-08-27 13:30:48.648648648,192.168.1.226,File Deletion
2024-08-27 13:31:24.684684684,192.168.1.182,Logout
2024-08-27 13:32:00.720720720,192.168.1.151,Download
2024-08-27 13:32:36.756756756,192.168.1.16,File Deletion
2024-08-27 13:33:12.792792792,192.168.1.238,Download
2024-08-27 13:33:48.828828828,192.168.1.39,Login
2024-08-27 13:34:24.864864864,192.168.1.80,Login
2024-08-27 13:35:00.900900900,192.168.1.107,Login
2024-08-27 13:35:36.936936936,192.168.1.242,Login
2024-08-27 13:36:12.972972972,192.168.1.244,Login
2024-08-27 13:36:49.009009009,192.168.1.31,File Deletion
2024-08-27 13:37:25.045045045,192.168.1.231,File Accessed
2024-08-27 13:38:01.081081081,192.168.1.227,File Upload
2024-08-27 13:38:37.117117117,192.168.1.79,Download
2024-08-27 13:39:13.153153153,192.168.1.133,Download
2024-08-27 13:39:49.189189189,192.168.1.202,File Deletion
2024-08-27 13:40:25.225225225,192.168.1.43,Download
2024-08-27 13:41:01.261261261,192.168.1.35,Download
2024-08-27 13:41:37.297297297,192.168.1.195,File Deletion
2024-08-27 13:42:13.333333333,192.168.1.20,File Accessed
2024-08-27 13:42:49.369369369,192.168.1.114,Login
2024-08-27 13:43:25.405405405,192.168.1.189,Email Sent
2024-08-27 13:44:01.441441441,192.168.1.79,File Accessed
2024-08-27 13:44:37.477477477,192.168.1.24,Logout
2024-08-27 13:45:13.513513513,192.168.1.140,Download
2024-08-27 13:45:49.549549549,192.168.1.243,File Upload
2024-08-27 13:46:25.585585585,192.168.1.230,Download
2024-08-27 13:47:01.621621621,192.168.1.126,File Accessed
2024-08-27 13:47:37.657657657,192.168.1.176,Email Sent
2024-08-27 13:48:13.693693693,192.168.1.188,Download
2024-08-27 13:48:49.729729729,192.168.1.238,File Upload
2024-08-27 13:49:25.765765765,192.168.1.143,Logout
2024-08-27 13:50:01.801801801,192.168.1.75,Download
2024-08-27 13:50:37.837837837,192.168.1.114,Email Sent
2024-08-27 13:51:13.873873873,192.168.1.52,Download
2024-08-27 13:51:49.909909909,192.168.1.77,Login
2024-08-27 13:52:25.945945945,192.168.1.55,Login
2024-08-27 13:53:01.981981981,192.168.1.83,Logout
2024-08-27 13:53:38.018018018,192.168.1.18,File Accessed
2024-08-27 13:54:14.054054054,192.168.1.230,Login
2024-08-27 13:54:50.090090090,192.168.1.60,Download
2024-08-27 13:55:26.126126126,192.168.1.149,Logout
2024-08-27 13:56:02.162162162,192.168.1.124,Email Sent
2024-08-27 13:56:38.198198198,192.168.1.163,Logout
2024-08-27 13:57:14.234234234,192.168.1.204,Login
2024-08-27 13:57:50.270270270,192.168.1.32,File Upload
2024-08-27 13:58:26.306306306,192.168.1.155,Login
2024-08-27 13:59:02.342342342,192.168.1.41,Email Sent
2024-08-27 13:59:38.378378378,192.168.1.204,File Upload
2024-08-27 14:00:14.414414414,192.168.1.21,Download
2024-08-27 14:00:50.450450450,192.168.1.197,Logout
2024-08-27 14:01:26.486486486,192.168.1.135,File Upload
2024-08-27 14:02:02.522522522,192.168.1.36,File Upload
2024-08-27 14:02:38.558558558,192.168.1.35,File Upload
2024-08-27 14:03:14.594594594,192.168.1.160,File Upload
2024-08-27 14:03:50.630630630,192.168.1.172,File Deletion
2024-08-27 14:04:26.666666666,192.168.1.202,File Upload
2024-08-27 14:05:02.702702702,192.168.1.252,File Accessed
2024-08-27 14:05:38.738738738,192.168.1.237,File Deletion
2024-08-27 14:06:14.774774774,192.168.1.165,Email Sent
2024-08-27 14:06:50.810810810,192.168.1.84,File Deletion
2024-08-27 14:07:26.846846846,192.168.1.246,File Upload
2024-08-27 14:08:02.882882882,192.168.1.174,File Upload
2024-08-27 14:08:38.918918918,192.168.1.224,Login
2024-08-27 14:09:14.954954954,192.168.1.7,Email Sent
2024-08-27 14:09:50.990990990,192.168.1.211,Download
2024-08-27 14:10:27.027027027,192.168.1.91,Email Sent
2024-08-27 14:11:03.063063063,192.168.1.47,Download
2024-08-27 14:11:39.099099099,192.168.1.179,Download
2024-08-27 14:12:15.135135135,192.168.1.186,File Deletion
2024-08-27 14:12:51.171171171,192.168.1.207,Download
2024-08-27 14:13:27.207207207,192.168.1.250,Logout
2024-08-27 14:14:03.243243243,192.168.1.151,Email Sent
2024-08-27 14:14:39.279279279,192.168.1.220,Email Sent
2024-08-27 14:15:15.315315315,192.168.1.157,Email Sent
2024-08-27 14:15:51.351351351,192.168.1.182,Download
2024-08-27 14:16:27.387387387,192.168.1.24,File Deletion
2024-08-27 14:17:03.423423423,192.168.1.71,File Accessed
2024-08-27 14:17:39.459459459,192.168.1.134,Logout
2024-08-27 14:18:15.495495495,192.168.1.53,Download
2024-08-27 14:18:51.531531531,192.168.1.176,File Upload
2024-08-27 14:19:27.567567567,192.168.1.200,Email Sent
2024-08-27 14:20:03.603603603,192.168.1.27,File Upload
2024-08-27 14:20:39.639639639,192.168.1.175,Logout
2024-08-27 14:21:15.675675675,192.168.1.59,File Accessed
2024-08-27 14:21:51.711711711,192.168.1.244,File Deletion
2024-08-27 14:22:27.747747747,192.168.1.37,Email Sent
2024-08-27 14:23:03.783783783,192.168.1.18,Download
2024-08-27 14:23:39.819819819,192.168.1.52,File Deletion
2024-08-27 14:24:15.855855855,192.168.1.60,Email Sent
2024-08-27 14:24:51.891891891,192.168.1.61,File Accessed
2024-08-27 14:25:27.927927927,192.168.1.88,Login
2024-08-27 14:26:03.963963963,192.168.1.233,Download
2024-08-27 14:26:39.999999999,192.168.1.240,Login
2024-08-27 14:27:16.036036036,192.168.1.140,File Upload
2024-08-27 14:27:52.072072072,192.168.1.164,Logout
2024-08-27 14:28:28.108108108,192.168.1.186,File Upload
2024-08-27 14:29:04.144144144,192.168.1.234,File Upload
2024-08-27 14:29:40.180180180,192.168.1.194,File Accessed
2024-08-27 14:30:16.216216216,192.168.1.163,File Upload
2024-08-27 14:30:52.252252252,192.168.1.162,Logout
2024-08-27 14:31:28.288288288,192.168.1.221,Download
2024-08-27 14:32:04.324324324,192.168.1.104,Login
2024-08-27 14:32:40.360360360,192.168.1.106,Email Sent
2024-08-27 14:33:16.396396396,192.168.1.160,File Upload
2024-08-27 14:33:52.432432432,192.168.1.28,File Deletion
2024-08-27 14:34:28.468468468,192.168.1.157,File Upload
2024-08-27 14:35:04.504504504,192.168.1.176,Logout
2024-08-27 14:35:40.540540540,192.168.1.89,File Upload
2024-08-27 14:36:16.576576576,192.168.1.114,File Deletion
2024-08-27 14:36:52.612612612,192.168.1.227,File Accessed
2024-08-27 14:37:28.648648648,192.168.1.252,Download
2024-08-27 14:38:04.684684684,192.168.1.218,File Accessed
2024-08-27 14:38:40.720720720,192.168.1.146,Email Sent
2024-08-27 14:39:16.756756756,192.168.1.145,File Upload
2024-08-27 14:39:52.792792792,192.168.1.108,Login
2024-08-27 14:40:28.828828828,192.168.1.20,Login
2024-08-27 14:41:04.864864864,192.168.1.122,File Deletion
2024-08-27 14:41:40.900900900,192.168.1.61,Download
2024-08-27 14:42:16.936936936,192.168.1.229,File Accessed
2024-08-27 14:42:52.972972972,192.168.1.119,File Accessed
2024-08-27 14:43:29.009009009,192.168.1.9,File Deletion
2024-08-27 14:44:05.045045045,192.168.1.248,Download
2024-08-27 14:44:41.081081081,192.168.1.209,Download
2024-08-27 14:45:17.117117117,192.168.1.201,Download
2024-08-27 14:45:53.153153153,192.168.1.187,Download
2024-08-27 14:46:29.189189189,192.168.1.122,Download
2024-08-27 14:47:05.225225225,192.168.1.45,File Deletion
2024-08-27 14:47:41.261261261,192.168.1.195,File Accessed
2024-08-27 14:48:17.297297297,192.168.1.199,Login
2024-08-27 14:48:53.333333333,192.168.1.57,Email Sent
2024-08-27 14:49:29.369369369,192.168.1.117,Login
2024-08-27 14:50:05.405405405,192.168.1.200,File Upload
2024-08-27 14:50:41.441441441,192.168.1.25,Login
2024-08-27 14:51:17.477477477,192.168.1.101,Email Sent
2024-08-27 14:51:53.513513513,192.168.1.26,File Accessed
2024-08-27 14:52:29.549549549,192.168.1.172,Email Sent
2024-08-27 14:53:05.585585585,192.168.1.165,Login
2024-08-27 14:53:41.621621621,192.168.1.65,File Accessed
2024-08-27 14:54:17.657657657,192.168.1.71,File Accessed
2024-08-27 14:54:53.693693693,192.168.1.56,File Accessed
2024-08-27 14:55:29.729729729,192.168.1.153,Download
2024-08-27 14:56:05.765765765,192.168.1.140,Login
2024-08-27 14:56:41.801801801,192.168.1.148,Email Sent
2024-08-27 14:57:17.837837837,192.168.1.138,File Deletion
2024-08-27 14:57:53.873873873,192.168.1.16,File Upload
2024-08-27 14:58:29.909909909,192.168.1.125,File Accessed
2024-08-27 14:59:05.945945945,192.168.1.106,File Accessed
2024-08-27 14:59:41.981981981,192.168.1.182,File Deletion
2024-08-27 15:00:18.018018018,192.168.1.170,Email Sent
2024-08-27 15:00:54.054054054,192.168.1.242,Email Sent
2024-08-27 15:01:30.090090090,192.168.1.152,Login
2024-08-27 15:02:06.126126126,192.168.1.219,Logout
2024-08-27 15:02:42.162162162,192.168.1.58,File Upload
2024-08-27 15:03:18.198198198,192.168.1.254,File Deletion
2024-08-27 15:03:54.234234234,192.168.1.252,File Deletion
2024-08-27 15:04:30.270270270,192.168.1.238,File Upload
2024-08-27 15:05:06.306306306,192.168.1.214,Login
2024-08-27 15:05:42.342342342,192.168.1.165,File Deletion
2024-08-27 15:06:18.378378378,192.168.1.190,Login
2024-08-27 15:06:54.414414414,192.168.1.70,Download
2024-08-27 15:07:30.450450450,192.168.1.30,Email Sent
2024-08-27 15:08:06.486486486,192.168.1.111,Logout
2024-08-27 15:08:42.522522522,192.168.1.3,Login
2024-08-27 15:09:18.558558558,192.168.1.90,Download
2024-08-27 15:09:54.594594594,192.168.1.8,File Deletion
2024-08-27 15:10:30.630630630,192.168.1.182,File Deletion
2024-08-27 15:11:06.666666666,192.168.1.31,File Deletion
2024-08-27 15:11:42.702702702,192.168.1.5,Download
2024-08-27 15:12:18.738738738,192.168.1.22,Download
2024-08-27 15:12:54.774774774,192.168.1.56,Download
2024-08-27 15:13:30.810810810,192.168.1.114,Login
2024-08-27 15:14:06.846846846,192.168.1.137,Download
2024-08-27 15:14:42.882882882,192.168.1.39,Download
2024-08-27 15:15:18.918918918,192.168.1.6,Email Sent
2024-08-27 15:15:54.954954954,192.168.1.162,Email Sent
2024-08-27 15:16:30.990990990,192.168.1.154,File Upload
2024-08-27 15:17:07.027027027,192.168.1.219,Download
2024-08-27 15:17:43.063063063,192.168.1.132,File Deletion
2024-08-27 15:18:19.099099099,192.168.1.16,Login
2024-08-27 15:18:55.135135135,192.168.1.148,Email Sent
2024-08-27 15:19:31.171171171,192.168.1.112,Login
2024-08-27 15:20:07.207207207,192.168.1.203,Login
2024-08-27 15:20:43.243243243,192.168.1.94,Email Sent
2024-08-27 15:21:19.279279279,192.168.1.190,File Deletion
2024-08-27 15:21:55.315315315,192.168.1.235,File Accessed
2024-08-27 15:22:31.351351351,192.168.1.27,Download
2024-08-27 15:23:07.387387387,192.168.1.233,File Deletion
2024-08-27 15:23:43.423423423,192.168.1.144,Login
2024-08-27 15:24:19.459459459,192.168.1.174,File Upload
2024-08-27 15:24:55.495495495,192.168.1.243,File Upload
2024-08-27 15:25:31.531531531,192.168.1.194,Email Sent
2024-08-27 15:26:07.567567567,192.168.1.190,File Upload
2024-08-27 15:26:43.603603603,192.168.1.47,File Deletion
2024-08-27 15:27:19.639639639,192.168.1.184,Logout
2024-08-27 15:27:55.675675675,192.168.1.101,File Upload
2024-08-27 15:28:31.711711711,192.168.1.7,Login
2024-08-27 15:29:07.747747747,192.168.1.107,Logout
2024-08-27 15:29:43.783783783,192.168.1.59,Email Sent
2024-08-27 15:30:19.819819819,192.168.1.129,Logout
2024-08-27 15:30:55.855855855,192.168.1.230,File Accessed
2024-08-27 15:31:31.891891891,192.168.1.248,File Accessed
2024-08-27 15:32:07.927927927,192.168.1.29,Download
2024-08-27 15:32:43.963963963,192.168.1.189,File Accessed
2024-08-27 15:33:20.000000000,192.168.1.31,Email Sent
2024-08-27 15:33:56.036036036,192.168.1.84,Email Sent
2024-08-27 15:34:32.072072072,192.168.1.112,Email Sent
2024-08-27 15:35:08.108108108,192.168.1.210,Login
2024-08-27 15:35:44.144144144,192.168.1.93,File Accessed
2024-08-27 15:36:20.180180180,192.168.1.120,Logout
2024-08-27 15:36:56.216216216,192.168.1.93,Logout
2024-08-27 15:37:32.252252252,192.168.1.138,File Deletion
2024-08-27 15:38:08.288288288,192.168.1.150,Logout
2024-08-27 15:38:44.324324324,192.168.1.107,File Accessed
2024-08-27 15:39:20.360360360,192.168.1.73,File Accessed
2024-08-27 15:39:56.396396396,192.168.1.64,File Deletion
2024-08-27 15:40:32.432432432,192.168.1.148,Download
2024-08-27 15:41:08.468468468,192.168.1.55,File Accessed
2024-08-27 15:41:44.504504504,192.168.1.218,File Upload
2024-08-27 15:42:20.540540540,192.168.1.21,File Accessed
2024-08-27 15:42:56.576576576,192.168.1.218,File Accessed
2024-08-27 15:43:32.612612612,192.168.1.43,File Deletion
2024-08-27 15:44:08.648648648,192.168.1.34,Login
2024-08-27 15:44:44.684684684,192.168.1.140,Login
2024-08-27 15:45:20.720720720,192.168.1.210,File Deletion
2024-08-27 15:45:56.756756756,192.168.1.163,Email Sent
2024-08-27 15:46:32.792792792,192.168.1.120,Email Sent
2024-08-27 15:47:08.828828828,192.168.1.35,File Upload
2024-08-27 15:47:44.864864864,192.168.1.147,File Deletion
2024-08-27 15:48:20.900900900,192.168.1.44,File Accessed
2024-08-27 15:48:56.936936936,192.168.1.118,File Upload
2024-08-27 15:49:32.972972972,192.168.1.228,Login
2024-08-27 15:50:09.009009009,192.168.1.197,Email Sent
2024-08-27 15:50:45.045045045,192.168.1.29,File Upload
2024-08-27 15:51:21.081081081,192.168.1.134,Download
2024-08-27 15:51:57.117117117,192.168.1.129,File Accessed
2024-08-27 15:52:33.153153153,192.168.1.239,Logout
2024-08-27 15:53:09.189189189,192.168.1.172,Email Sent
2024-08-27 15:53:45.225225225,192.168.1.228,File Accessed
2024-08-27 15:54:21.261261261,192.168.1.205,File Accessed
2024-08-27 15:54:57.297297297,192.168.1.148,Download
2024-08-27 15:55:33.333333333,192.168.1.211,Logout
2024-08-27 15:56:09.369369369,192.168.1.42,Logout
2024-08-27 15:56:45.405405405,192.168.1.81,Logout
2024-08-27 15:57:21.441441441,192.168.1.245,File Accessed
2024-08-27 15:57:57.477477477,192.168.1.115,Email Sent
2024-08-27 15:58:33.513513513,192.168.1.50,File Upload
2024-08-27 15:59:09.549549549,192.168.1.45,File Accessed
2024-08-27 15:59:45.585585585,192.168.1.63,Download
2024-08-27 16:00:21.621621621,192.168.1.8,File Deletion
2024-08-27 16:00:57.657657657,192.168.1.44,File Upload
2024-08-27 16:01:33.693693693,192.168.1.153,Logout
2024-08-27 16:02:09.729729729,192.168.1.26,Download
2024-08-27 16:02:45.765765765,192.168.1.74,Login
2024-08-27 16:03:21.801801801,192.168.1.77,File Deletion
2024-08-27 16:03:57.837837837,192.168.1.37,File Deletion
2024-08-27 16:04:33.873873873,192.168.1.18,File Upload
2024-08-27 16:05:09.909909909,192.168.1.207,File Deletion
2024-08-27 16:05:45.945945945,192.168.1.191,File Deletion
2024-08-27 16:06:21.981981981,192.168.1.69,File Upload
2024-08-27 16:06:58.018018018,192.168.1.182,Logout
2024-08-27 16:07:34.054054054,192.168.1.21,Login
2024-08-27 16:08:10.090090090,192.168.1.35,Logout
2024-08-27 16:08:46.126126126,192.168.1.136,Logout
2024-08-27 16:09:22.162162162,192.168.1.122,Login
2024-08-27 16:09:58.198198198,192.168.1.117,Login
2024-08-27 16:10:34.234234234,192.168.1.177,Download
2024-08-27 16:11:10.270270270,192.168.1.88,Email Sent
2024-08-27 16:11:46.306306306,192.168.1.109,File Deletion
2024-08-27 16:12:22.342342342,192.168.1.99,Email Sent
2024-08-27 16:12:58.378378378,192.168.1.223,Logout
2024-08-27 16:13:34.414414414,192.168.1.187,File Deletion
2024-08-27 16:14:10.450450450,192.168.1.139,File Accessed
2024-08-27 16:14:46.486486486,192.168.1.69,File Upload
2024-08-27 16:15:22.522522522,192.168.1.192,Login
2024-08-27 16:15:58.558558558,192.168.1.79,Download
2024-08-27 16:16:34.594594594,192.168.1.232,Logout
2024-08-27 16:17:10.630630630,192.168.1.39,Login
2024-08-27 16:17:46.666666666,192.168.1.138,Download
2024-08-27 16:18:22.702702702,192.168.1.68,File Deletion
2024-08-27 16:18:58.738738738,192.168.1.206,Download
2024-08-27 16:19:34.774774774,192.168.1.87,Login
2024-08-27 16:20:10.810810810,192.168.1.90,Email Sent
2024-08-27 16:20:46.846846846,192.168.1.193,File Accessed
2024-08-27 16:21:22.882882882,192.168.1.38,File Accessed
2024-08-27 16:21:58.918918918,192.168.1.184,File Upload
2024-08-27 16:22:34.954954954,192.168.1.242,File Accessed
2024-08-27 16:23:10.990990990,192.168.1.113,File Accessed
2024-08-27 16:23:47.027027027,192.168.1.69,Email Sent
2024-08-27 16:24:23.063063063,192.168.1.14,Download
2024-08-27 16:24:59.099099099,192.168.1.241,File Deletion
2024-08-27 16:25:35.135135135,192.168.1.60,Login
2024-08-27 16:26:11.171171171,192.168.1.87,File Deletion
2024-08-27 16:26:47.207207207,192.168.1.242,Email Sent
2024-08-27 16:27:23.243243243,192.168.1.143,File Deletion
2024-08-27 16:27:59.279279279,192.168.1.220,Email Sent
2024-08-27 16:28:35.315315315,192.168.1.210,Email Sent
2024-08-27 16:29:11.351351351,192.168.1.67,Download
2024-08-27 16:29:47.387387387,192.168.1.91,File Upload
2024-08-27 16:30:23.423423423,192.168.1.51,Email Sent
2024-08-27 16:30:59.459459459,192.168.1.167,File Accessed
2024-08-27 16:31:35.495495495,192.168.1.238,Email Sent
2024-08-27 16:32:11.531531531,192.168.1.183,File Deletion
2024-08-27 16:32:47.567567567,192.168.1.169,Logout
2024-08-27 16:33:23.603603603,192.168.1.212,Email Sent
2024-08-27 16:33:59.639639639,192.168.1.144,File Deletion
2024-08-27 16:34:35.675675675,192.168.1.174,Logout
2024-08-27 16:35:11.711711711,192.168.1.221,File Accessed
2024-08-27 16:35:47.747747747,192.168.1.226,File Deletion
2024-08-27 16:36:23.783783783,192.168.1.100,Logout
2024-08-27 16:36:59.819819819,192.168.1.106,Login
2024-08-27 16:37:35.855855855,192.168.1.149,File Accessed
2024-08-27 16:38:11.891891891,192.168.1.107,Email Sent
2024-08-27 16:38:47.927927927,192.168.1.68,Logout
2024-08-27 16:39:23.963963963,192.168.1.9,File Upload
2024-08-27 16:40:00.000000000,192.168.1.141,File Accessed
2024-08-27 16:40:36.036036036,192.168.1.11,Logout
2024-08-27 16:41:12.072072072,192.168.1.16,File Deletion
2024-08-27 16:41:48.108108108,192.168.1.61,File Accessed
2024-08-27 16:42:24.144144144,192.168.1.22,File Accessed
2024-08-27 16:43:00.180180180,192.168.1.137,Email Sent
2024-08-27 16:43:36.216216216,192.168.1.33,Email Sent
2024-08-27 16:44:12.252252252,192.168.1.167,Email Sent
2024-08-27 16:44:48.288288288,192.168.1.105,File Accessed
2024-08-27 16:45:24.324324324,192.168.1.70,File Deletion
2024-08-27 16:46:00.360360360,192.168.1.89,File Accessed
2024-08-27 16:46:36.396396396,192.168.1.204,File Accessed
2024-08-27 16:47:12.432432432,192.168.1.99,Logout
2024-08-27 16:47:48.468468468,192.168.1.232,Logout
2024-08-27 16:48:24.504504504,192.168.1.152,File Upload
2024-08-27 16:49:00.540540540,192.168.1.222,File Upload
2024-08-27 16:49:36.576576576,192.168.1.16,Download
2024-08-27 16:50:12.612612612,192.168.1.134,File Accessed
2024-08-27 16:50:48.648648648,192.168.1.111,Email Sent
2024-08-27 16:51:24.684684684,192.168.1.15,Email Sent
2024-08-27 16:52:00.720720720,192.168.1.82,File Accessed
2024-08-27 16:52:36.756756756,192.168.1.215,Download
2024-08-27 16:53:12.792792792,192.168.1.155,File Deletion
2024-08-27 16:53:48.828828828,192.168.1.135,Logout
2024-08-27 16:54:24.864864864,192.168.1.201,Download
2024-08-27 16:55:00.900900900,192.168.1.100,Email Sent
2024-08-27 16:55:36.936936936,192.168.1.158,File Deletion
2024-08-27 16:56:12.972972972,192.168.1.187,File Upload
2024-08-27 16:56:49.009009009,192.168.1.147,File Deletion
2024-08-27 16:57:25.045045045,192.168.1.234,File Upload
2024-08-27 16:58:01.081081081,192.168.1.136,File Upload
2024-08-27 16:58:37.117117117,192.168.1.14,File Deletion
2024-08-27 16:59:13.153153153,192.168.1.21,Download
2024-08-27 16:59:49.189189189,192.168.1.12,File Accessed
2024-08-27 17:00:25.225225225,192.168.1.169,Email Sent
2024-08-27 17:01:01.261261261,192.168.1.203,Login
2024-08-27 17:01:37.297297297,192.168.1.177,Login
2024-08-27 17:02:13.333333333,192.168.1.156,Download
2024-08-27 17:02:49.369369369,192.168.1.185,File Deletion
2024-08-27 17:03:25.405405405,192.168.1.58,Email Sent
2024-08-27 17:04:01.441441441,192.168.1.148,Logout
2024-08-27 17:04:37.477477477,192.168.1.63,Email Sent
2024-08-27 17:05:13.513513513,192.168.1.229,Email Sent
2024-08-27 17:05:49.549549549,192.168.1.4,Login
2024-08-27 17:06:25.585585585,192.168.1.248,File Upload
2024-08-27 17:07:01.621621621,192.168.1.94,File Deletion
2024-08-27 17:07:37.657657657,192.168.1.75,Login
2024-08-27 17:08:13.693693693,192.168.1.11,File Upload
2024-08-27 17:08:49.729729729,192.168.1.145,File Accessed
2024-08-27 17:09:25.765765765,192.168.1.67,File Deletion
2024-08-27 17:10:01.801801801,192.168.1.98,File Upload
2024-08-27 17:10:37.837837837,192.168.1.20,Login
2024-08-27 17:11:13.873873873,192.168.1.112,Email Sent
2024-08-27 17:11:49.909909909,192.168.1.42,Login
2024-08-27 17:12:25.945945945,192.168.1.145,Download
2024-08-27 17:13:01.981981981,192.168.1.119,Logout
2024-08-27 17:13:38.018018018,192.168.1.145,Login
2024-08-27 17:14:14.054054054,192.168.1.55,Login
2024-08-27 17:14:50.090090090,192.168.1.245,Login
2024-08-27 17:15:26.126126126,192.168.1.41,Login
2024-08-27 17:16:02.162162162,192.168.1.125,File Upload
2024-08-27 17:16:38.198198198,192.168.1.221,Login
2024-08-27 17:17:14.234234234,192.168.1.102,Login
2024-08-27 17:17:50.270270270,192.168.1.136,Logout
2024-08-27 17:18:26.306306306,192.168.1.117,Logout
2024-08-27 17:19:02.342342342,192.168.1.201,File Upload
2024-08-27 17:19:38.378378378,192.168.1.187,File Upload
2024-08-27 17:20:14.414414414,192.168.1.174,Login
2024-08-27 17:20:50.450450450,192.168.1.113,Login
2024-08-27 17:21:26.486486486,192.168.1.60,File Upload
2024-08-27 17:22:02.522522522,192.168.1.21,File Accessed
2024-08-27 17:22:38.558558558,192.168.1.237,File Accessed
2024-08-27 17:23:14.594594594,192.168.1.61,Login
2024-08-27 17:23:50.630630630,192.168.1.189,Login
2024-08-27 17:24:26.666666666,192.168.1.42,Login
2024-08-27 17:25:02.702702702,192.168.1.121,File Upload
2024-08-27 17:25:38.738738738,192.168.1.71,File Deletion
2024-08-27 17:26:14.774774774,192.168.1.153,File Upload
2024-08-27 17:26:50.810810810,192.168.1.80,File Upload
2024-08-27 17:27:26.846846846,192.168.1.58,Logout
2024-08-27 17:28:02.882882882,192.168.1.6,File Upload
2024-08-27 17:28:38.918918918,192.168.1.151,Logout
2024-08-27 17:29:14.954954954,192.168.1.66,Login
2024-08-27 17:29:50.990990990,192.168.1.91,Login
2024-08-27 17:30:27.027027027,192.168.1.124,File Deletion
2024-08-27 17:31:03.063063063,192.168.1.90,Email Sent
2024-08-27 17:31:39.099099099,192.168.1.170,Logout
2024-08-27 17:32:15.135135135,192.168.1.131,Download
2024-08-27 17:32:51.171171171,192.168.1.101,Email Sent
2024-08-27 17:33:27.207207207,192.168.1.90,File Deletion
2024-08-27 17:34:03.243243243,192.168.1.8,File Deletion
2024-08-27 17:34:39.279279279,192.168.1.64,Email Sent
2024-08-27 17:35:15.315315315,192.168.1.199,Download
2024-08-27 17:35:51.351351351,192.168.1.238,Email Sent
2024-08-27 17:36:27.387387387,192.168.1.50,File Deletion
2024-08-27 17:37:03.423423423,192.168.1.61,File Upload
2024-08-27 17:37:39.459459459,192.168.1.249,File Accessed
2024-08-27 17:38:15.495495495,192.168.1.236,File Upload
2024-08-27 17:38:51.531531531,192.168.1.60,File Upload
2024-08-27 17:39:27.567567567,192.168.1.53,File Deletion
2024-08-27 17:40:03.603603603,192.168.1.156,Email Sent
2024-08-27 17:40:39.639639639,192.168.1.238,File Deletion
2024-08-27 17:41:15.675675675,192.168.1.190,File Accessed
2024-08-27 17:41:51.711711711,192.168.1.73,Download
2024-08-27 17:42:27.747747747,192.168.1.78,Login
2024-08-27 17:43:03.783783783,192.168.1.118,Logout
2024-08-27 17:43:39.819819819,192.168.1.131,Logout
2024-08-27 17:44:15.855855855,192.168.1.39,File Upload
2024-08-27 17:44:51.891891891,192.168.1.83,Login
2024-08-27 17:45:27.927927927,192.168.1.13,Download
2024-08-27 17:46:03.963963963,192.168.1.29,Logout
2024-08-27 17:46:40.000000000,192.168.1.249,File Accessed
2024-08-27 17:47:16.036036036,192.168.1.104,File Deletion
2024-08-27 17:47:52.072072072,192.168.1.221,File Deletion
2024-08-27 17:48:28.108108108,192.168.1.133,Logout
2024-08-27 17:49:04.144144144,192.168.1.67,File Deletion
2024-08-27 17:49:40.180180180,192.168.1.72,Download
2024-08-27 17:50:16.216216216,192.168.1.48,File Upload
2024-08-27 17:50:52.252252252,192.168.1.107,File Deletion
2024-08-27 17:51:28.288288288,192.168.1.253,File Upload
2024-08-27 17:52:04.324324324,192.168.1.73,File Upload
2024-08-27 17:52:40.360360360,192.168.1.41,Email Sent
2024-08-27 17:53:16.396396396,192.168.1.59,File Deletion
2024-08-27 17:53:52.432432432,192.168.1.107,Email Sent
2024-08-27 17:54:28.468468468,192.168.1.5,Email Sent
2024-08-27 17:55:04.504504504,192.168.1.99,Download
2024-08-27 17:55:40.540540540,192.168.1.79,Download
2024-08-27 17:56:16.576576576,192.168.1.169,Download
2024-08-27 17:56:52.612612612,192.168.1.34,File Upload
2024-08-27 17:57:28.648648648,192.168.1.144,File Deletion
2024-08-27 17:58:04.684684684,192.168.1.220,File Accessed
2024-08-27 17:58:40.720720720,192.168.1.206,Email Sent
2024-08-27 17:59:16.756756756,192.168.1.241,File Deletion
2024-08-27 17:59:52.792792792,192.168.1.100,File Upload
2024-08-27 18:00:28.828828828,192.168.1.16,File Deletion
2024-08-27 18:01:04.864864864,192.168.1.234,Download
2024-08-27 18:01:40.900900900,192.168.1.75,Download
2024-08-27 18:02:16.936936936,192.168.1.50,Login
2024-08-27 18:02:52.972972972,192.168.1.250,File Deletion
2024-08-27 18:03:29.009009009,192.168.1.54,Login
2024-08-27 18:04:05.045045045,192.168.1.181,File Accessed
2024-08-27 18:04:41.081081081,192.168.1.202,Login
2024-08-27 18:05:17.117117117,192.168.1.235,File Upload
2024-08-27 18:05:53.153153153,192.168.1.130,File Accessed
2024-08-27 18:06:29.189189189,192.168.1.48,Download
2024-08-27 18:07:05.225225225,192.168.1.66,File Upload
2024-08-27 18:07:41.261261261,192.168.1.42,Login
2024-08-27 18:08:17.297297297,192.168.1.44,File Upload
2024-08-27 18:08:53.333333333,192.168.1.232,File Deletion
2024-08-27 18:09:29.369369369,192.168.1.52,Download
2024-08-27 18:10:05.405405405,192.168.1.42,File Upload
2024-08-27 18:10:41.441441441,192.168.1.204,Email Sent
2024-08-27 18:11:17.477477477,192.168.1.30,Download
2024-08-27 18:11:53.513513513,192.168.1.17,File Accessed
2024-08-27 18:12:29.549549549,192.168.1.188,File Deletion
2024-08-27 18:13:05.585585585,192.168.1.23,File Deletion
2024-08-27 18:13:41.621621621,192.168.1.39,File Upload
2024-08-27 18:14:17.657657657,192.168.1.68,File Deletion
2024-08-27 18:14:53.693693693,192.168.1.97,File Deletion
2024-08-27 18:15:29.729729729,192.168.1.48,Logout
2024-08-27 18:16:05.765765765,192.168.1.231,Email Sent
2024-08-27 18:16:41.801801801,192.168.1.149,Logout
2024-08-27 18:17:17.837837837,192.168.1.23,File Deletion
2024-08-27 18:17:53.873873873,192.168.1.40,Download
2024-08-27 18:18:29.909909909,192.168.1.22,Logout
2024-08-27 18:19:05.945945945,192.168.1.76,File Upload
2024-08-27 18:19:41.981981981,192.168.1.86,Login
2024-08-27 18:20:18.018018018,192.168.1.242,Logout
2024-08-27 18:20:54.054054054,192.168.1.64,Login
2024-08-27 18:21:30.090090090,192.168.1.100,Download
2024-08-27 18:22:06.126126126,192.168.1.62,File Accessed
2024-08-27 18:22:42.162162162,192.168.1.166,Download
2024-08-27 18:23:18.198198198,192.168.1.230,Login
2024-08-27 18:23:54.234234234,192.168.1.23,Email Sent
2024-08-27 18:24:30.270270270,192.168.1.188,File Upload
2024-08-27 18:25:06.306306306,192.168.1.206,File Accessed
2024-08-27 18:25:42.342342342,192.168.1.20,File Deletion
2024-08-27 18:26:18.378378378,192.168.1.45,File Upload
2024-08-27 18:26:54.414414414,192.168.1.87,File Upload
2024-08-27 18:27:30.450450450,192.168.1.154,Download
2024-08-27 18:28:06.486486486,192.168.1.169,File Accessed
2024-08-27 18:28:42.522522522,192.168.1.126,Logout
2024-08-27 18:29:18.558558558,192.168.1.92,File Upload
2024-08-27 18:29:54.594594594,192.168.1.81,File Upload
2024-08-27 18:30:30.630630630,192.168.1.66,File Accessed
2024-08-27 18:31:06.666666666,192.168.1.150,File Accessed
2024-08-27 18:31:42.702702702,192.168.1.127,Download
2024-08-27 18:32:18.738738738,192.168.1.153,File Accessed
2024-08-27 18:32:54.774774774,192.168.1.7,File Accessed
2024-08-27 18:33:30.810810810,192.168.1.87,File Upload
2024-08-27 18:34:06.846846846,192.168.1.117,Download
2024-08-27 18:34:42.882882882,192.168.1.50,Login
2024-08-27 18:35:18.918918918,192.168.1.186,Login
2024-08-27 18:35:54.954954954,192.168.1.194,Login
2024-08-27 18:36:30.990990990,192.168.1.208,Logout
2024-08-27 18:37:07.027027027,192.168.1.230,Login
2024-08-27 18:37:43.063063063,192.168.1.155,Logout
2024-08-27 18:38:19.099099099,192.168.1.174,Logout
2024-08-27 18:38:55.135135135,192.168.1.76,Email Sent
2024-08-27 18:39:31.171171171,192.168.1.175,Email Sent
2024-08-27 18:40:07.207207207,192.168.1.206,File Accessed
2024-08-27 18:40:43.243243243,192.168.1.137,Logout
2024-08-27 18:41:19.279279279,192.168.1.238,Login
2024-08-27 18:41:55.315315315,192.168.1.59,File Upload
2024-08-27 18:42:31.351351351,192.168.1.240,Logout
2024-08-27 18:43:07.387387387,192.168.1.191,Logout
2024-08-27 18:43:43.423423423,192.168.1.168,Logout
2024-08-27 18:44:19.459459459,192.168.1.164,Login
2024-08-27 18:44:55.495495495,192.168.1.245,Login
2024-08-27 18:45:31.531531531,192.168.1.245,Download
2024-08-27 18:46:07.567567567,192.168.1.136,File Upload
2024-08-27 18:46:43.603603603,192.168.1.4,Logout
2024-08-27 18:47:19.639639639,192.168.1.98,Logout
2024-08-27 18:47:55.675675675,192.168.1.43,File Accessed
2024-08-27 18:48:31.711711711,192.168.1.12,File Accessed
2024-08-27 18:49:07.747747747,192.168.1.59,Login
2024-08-27 18:49:43.783783783,192.168.1.173,File Deletion
2024-08-27 18:50:19.819819819,192.168.1.45,File Upload
2024-08-27 18:50:55.855855855,192.168.1.113,Logout
2024-08-27 18:51:31.891891891,192.168.1.91,Email Sent
2024-08-27 18:52:07.927927927,192.168.1.140,File Accessed
2024-08-27 18:52:43.963963963,192.168.1.243,File Upload
2024-08-27 18:53:19.999999999,192.168.1.178,File Accessed
2024-08-27 18:53:56.036036036,192.168.1.235,Logout
2024-08-27 18:54:32.072072072,192.168.1.81,File Deletion
2024-08-27 18:55:08.108108108,192.168.1.245,File Deletion
2024-08-27 18:55:44.144144144,192.168.1.151,Logout
2024-08-27 18:56:20.180180180,192.168.1.136,File Deletion
2024-08-27 18:56:56.216216216,192.168.1.127,Logout
2024-08-27 18:57:32.252252252,192.168.1.150,File Upload
2024-08-27 18:58:08.288288288,192.168.1.67,File Deletion
2024-08-27 18:58:44.324324324,192.168.1.242,File Deletion
2024-08-27 18:59:20.360360360,192.168.1.60,Download
2024-08-27 18:59:56.396396396,192.168.1.167,File Accessed
2024-08-27 19:00:32.432432432,192.168.1.145,Download
2024-08-27 19:01:08.468468468,192.168.1.109,Login
2024-08-27 19:01:44.504504504,192.168.1.84,Login
2024-08-27 19:02:20.540540540,192.168.1.64,Download
2024-08-27 19:02:56.576576576,192.168.1.98,File Upload
2024-08-27 19:03:32.612612612,192.168.1.105,Email Sent
2024-08-27 19:04:08.648648648,192.168.1.134,Email Sent
2024-08-27 19:04:44.684684684,192.168.1.83,File Accessed
2024-08-27 19:05:20.720720720,192.168.1.63,File Accessed
2024-08-27 19:05:56.756756756,192.168.1.119,Logout
2024-08-27 19:06:32.792792792,192.168.1.68,Download
2024-08-27 19:07:08.828828828,192.168.1.160,Download
2024-08-27 19:07:44.864864864,192.168.1.1,File Deletion
2024-08-27 19:08:20.900900900,192.168.1.157,Download
2024-08-27 19:08:56.936936936,192.168.1.145,Email Sent
2024-08-27 19:09:32.972972972,192.168.1.207,Login
2024-08-27 19:10:09.009009009,192.168.1.19,File Accessed
2024-08-27 19:10:45.045045045,192.168.1.249,File Deletion
2024-08-27 19:11:21.081081081,192.168.1.227,File Deletion
2024-08-27 19:11:57.117117117,192.168.1.248,File Accessed
2024-08-27 19:12:33.153153153,192.168.1.243,Email Sent
2024-08-27 19:13:09.189189189,192.168.1.115,File Deletion
2024-08-27 19:13:45.225225225,192.168.1.191,Email Sent
2024-08-27 19:14:21.261261261,192.168.1.51,File Deletion
2024-08-27 19:14:57.297297297,192.168.1.180,Email Sent
2024-08-27 19:15:33.333333333,192.168.1.116,File Accessed
2024-08-27 19:16:09.369369369,192.168.1.243,File Accessed
2024-08-27 19:16:45.405405405,192.168.1.87,File Accessed
2024-08-27 19:17:21.441441441,192.168.1.76,File Deletion
2024-08-27 19:17:57.477477477,192.168.1.126,Download
2024-08-27 19:18:33.513513513,192.168.1.92,Email Sent
2024-08-27 19:19:09.549549549,192.168.1.200,File Accessed
2024-08-27 19:19:45.585585585,192.168.1.249,File Upload
2024-08-27 19:20:21.621621621,192.168.1.79,File Upload
2024-08-27 19:20:57.657657657,192.168.1.155,File Upload
2024-08-27 19:21:33.693693693,192.168.1.118,Download
2024-08-27 19:22:09.729729729,192.168.1.95,Login
2024-08-27 19:22:45.765765765,192.168.1.125,File Deletion
2024-08-27 19:23:21.801801801,192.168.1.153,File Deletion
2024-08-27 19:23:57.837837837,192.168.1.94,Login
2024-08-27 19:24:33.873873873,192.168.1.81,Logout
2024-08-27 19:25:09.909909909,192.168.1.13,File Deletion
2024-08-27 19:25:45.945945945,192.168.1.100,File Deletion
2024-08-27 19:26:21.981981981,192.168.1.56,File Accessed
2024-08-27 19:26:58.018018018,192.168.1.30,Logout
2024-08-27 19:27:34.054054054,192.168.1.25,File Upload
2024-08-27 19:28:10.090090090,192.168.1.87,File Deletion
2024-08-27 19:28:46.126126126,192.168.1.228,Email Sent
2024-08-27 19:29:22.162162162,192.168.1.238,Download
2024-08-27 19:29:58.198198198,192.168.1.35,Download
2024-08-27 19:30:34.234234234,192.168.1.22,Download
2024-08-27 19:31:10.270270270,192.168.1.79,Email Sent
2024-08-27 19:31:46.306306306,192.168.1.156,Download
2024-08-27 19:32:22.342342342,192.168.1.93,Logout
2024-08-27 19:32:58.378378378,192.168.1.173,Login
2024-08-27 19:33:34.414414414,192.168.1.222,Email Sent
2024-08-27 19:34:10.450450450,192.168.1.120,Download
2024-08-27 19:34:46.486486486,192.168.1.119,Email Sent
2024-08-27 19:35:22.522522522,192.168.1.246,File Upload
2024-08-27 19:35:58.558558558,192.168.1.186,Download
2024-08-27 19:36:34.594594594,192.168.1.2,Logout
2024-08-27 19:37:10.630630630,192.168.1.177,Email Sent
2024-08-27 19:37:46.666666666,192.168.1.246,File Accessed
2024-08-27 19:38:22.702702702,192.168.1.248,Login
2024-08-27 19:38:58.738738738,192.168.1.147,Download
2024-08-27 19:39:34.774774774,192.168.1.109,Email Sent
2024-08-27 19:40:10.810810810,192.168.1.182,File Accessed
2024-08-27 19:40:46.846846846,192.168.1.30,Logout
2024-08-27 19:41:22.882882882,192.168.1.44,File Upload
2024-08-27 19:41:58.918918918,192.168.1.247,File Upload
2024-08-27 19:42:34.954954954,192.168.1.86,Login
2024-08-27 19:43:10.990990990,192.168.1.107,File Deletion
2024-08-27 19:43:47.027027027,192.168.1.164,Download
2024-08-27 19:44:23.063063063,192.168.1.153,Login
2024-08-27 19:44:59.099099099,192.168.1.202,Login
2024-08-27 19:45:35.135135135,192.168.1.63,Logout
2024-08-27 19:46:11.171171171,192.168.1.220,Email Sent
2024-08-27 19:46:47.207207207,192.168.1.201,Email Sent
2024-08-27 19:47:23.243243243,192.168.1.238,File Accessed
2024-08-27 19:47:59.279279279,192.168.1.63,Logout
2024-08-27 19:48:35.315315315,192.168.1.31,Login
2024-08-27 19:49:11.351351351,192.168.1.216,File Accessed
2024-08-27 19:49:47.387387387,192.168.1.108,File Accessed
2024-08-27 19:50:23.423423423,192.168.1.123,Download
2024-08-27 19:50:59.459459459,192.168.1.204,Logout
2024-08-27 19:51:35.495495495,192.168.1.119,Email Sent
2024-08-27 19:52:11.531531531,192.168.1.25,Email Sent
2024-08-27 19:52:47.567567567,192.168.1.46,Download
2024-08-27 19:53:23.603603603,192.168.1.57,File Accessed
2024-08-27 19:53:59.639639639,192.168.1.227,Email Sent
2024-08-27 19:54:35.675675675,192.168.1.41,File Accessed
2024-08-27 19:55:11.711711711,192.168.1.246,Email Sent
2024-08-27 19:55:47.747747747,192.168.1.30,File Accessed
2024-08-27 19:56:23.783783783,192.168.1.89,Download
2024-08-27 19:56:59.819819819,192.168.1.86,Logout
2024-08-27 19:57:35.855855855,192.168.1.114,Logout
2024-08-27 19:58:11.891891891,192.168.1.235,File Accessed
2024-08-27 19:58:47.927927927,192.168.1.129,Logout
2024-08-27 19:59:23.963963963,192.168.1.202,File Deletion
2024-08-27 20:00:00.000000000,192.168.1.197,Logout
